<?xml version="1.0"?>
<items>
  <its:rules xmlns:its="http://www.w3.org/2005/11/its" version="1.0">
    <its:translateRule selector="//item/@name" translate="yes"/>
    <its:translateRule selector="//item/@description" translate="yes"/>
    <its:translateRule selector="//item/@effect" translate="yes"/>
    <its:translateRule selector="//*" translate="no"/>
  </its:rules>
  <item id="755" image="equipment/chest/assassintop.png" name="Assassin Shirt" description="Shirt for a master assassin." effect="Walk Speed +10% / Hit Chance +20" mattack="-5" type="equip-torso" defense="20" agi="15" flee="20" maxhp="200" level="90" weight="15" sellProtected="true">
    <sprite gender="unisex">equipment/chest/assassin.xml</sprite>
    <sprite gender="female">equipment/chest/assassin-female.xml</sprite>
  </item>
</items>
