<?xml version="1.0"?>
<items>
  <its:rules xmlns:its="http://www.w3.org/2005/11/its" version="1.0">
    <its:translateRule selector="//item/@name" translate="yes"/>
    <its:translateRule selector="//item/@description" translate="yes"/>
    <its:translateRule selector="//item/@effect" translate="yes"/>
    <its:translateRule selector="//*" translate="no"/>
  </its:rules>
  <include name="items/equip-head/item511_SantaHat.xml"/>
  <include name="items/equip-head/item524_FancyHat.xml"/>
  <include name="items/equip-head/item525_MinersHat.xml"/>
  <include name="items/equip-head/item543_StandardHeadband.xml"/>
  <include name="items/equip-head/item544_SilkHeadband.xml"/>
  <include name="items/equip-head/item615_PumpkinHelmet.xml"/>
  <include name="items/equip-head/item616_AxeHat.xml"/>
  <include name="items/equip-head/item617_PirateHat.xml"/>
  <include name="items/equip-head/item618_Goggles.xml"/>
  <include name="items/equip-head/item619_LeatherGoggles.xml"/>
  <include name="items/equip-head/item620_Circlet.xml"/>
  <include name="items/equip-head/item621_Eyepatch.xml"/>
  <include name="items/equip-head/item622_Bandana.xml"/>
  <include name="items/equip-head/item627_TopHat.xml"/>
  <include name="items/equip-head/item628_FunkyHat.xml"/>
  <include name="items/equip-head/item629_MushHat.xml"/>
  <include name="items/equip-head/item630_ShroomHat.xml"/>
  <include name="items/equip-head/item633_ChristmasElfHat.xml"/>
  <include name="items/equip-head/item634_FaceMask.xml"/>
  <include name="items/equip-head/item636_WarlordHelmet.xml"/>
  <include name="items/equip-head/item637_KnightsHelmet.xml"/>
  <include name="items/equip-head/item638_InfantryHelmet.xml"/>
  <include name="items/equip-head/item639_CrusadeHelmet.xml"/>
  <include name="items/equip-head/item643_WhiteCowboyHat.xml"/>
  <include name="items/equip-head/item644_BlackCowboyHat.xml"/>
  <include name="items/equip-head/item646_Crown.xml"/>
  <include name="items/equip-head/item647_DevelopersCap.xml"/>
  <include name="items/equip-head/item654_Cap.xml"/>
  <include name="items/equip-head/item656_SerfHat.xml"/>
  <include name="items/equip-head/item675_GraduationCap.xml"/>
  <include name="items/equip-head/item678_NohMask.xml"/>
  <include name="items/equip-head/item679_DemonMask.xml"/>
  <include name="items/equip-head/item721_HighPriestCrown.xml"/>
  <include name="items/equip-head/item722_MonsterSkullHelmet.xml"/>
  <include name="items/equip-head/item723_DesertHat.xml"/>
  <include name="items/equip-head/item724_CottonHeadband.xml"/>
  <include name="items/equip-head/item725_GMCap.xml"/>
  <include name="items/equip-head/item735_CottonBoots.xml"/>
  <include name="items/equip-head/item751_PinkieHat.xml"/>
  <include name="items/equip-head/item752_FluffyHat.xml"/>
  <include name="items/equip-head/item759_PaladinsHelmet.xml"/>
  <include name="items/equip-head/item760_OverlordsHelmet.xml"/>
  <include name="items/equip-head/item761_DesertHelmet.xml"/>
  <include name="items/equip-head/item764_SailorHat.xml"/>
  <include name="items/equip-head/item765_CaptainsHat.xml"/>
  <include name="items/equip-head/item766_TerraniteHelmet.xml"/>
  <include name="items/equip-head/item769_GuyFawkesMask.xml"/>
  <include name="items/equip-head/item770_FairyHat.xml"/>
  <include name="items/equip-head/item781_WitchDoctorsMask.xml"/>
  <include name="items/equip-head/item795_BromenalHelmet.xml"/>
  <include name="items/equip-head/item800_BowlerHatBrown.xml"/>
  <include name="items/equip-head/item801_PinkieHelmet.xml"/>
  <include name="items/equip-head/item848_Earmuffs.xml"/>
  <include name="items/equip-head/item854_ElfNightcap.xml"/>
  <include name="items/equip-head/item855_Sunglasses.xml"/>
  <include name="items/equip-head/item856_KnitCap.xml"/>
  <include name="items/equip-head/item877_BullHelmet.xml"/>
  <include name="items/equip-head/item882_RedEggshellHat.xml"/>
  <include name="items/equip-head/item883_BlueEggshellHat.xml"/>
  <include name="items/equip-head/item884_YellowEggshellHat.xml"/>
  <include name="items/equip-head/item885_GreenEggshellHat.xml"/>
  <include name="items/equip-head/item886_OrangeEggshellHat.xml"/>
  <include name="items/equip-head/item887_DarkEggshellHat.xml"/>
  <include name="items/equip-head/item888_MagicGMTopHat.xml"/>
  <include name="items/equip-head/item889_MurdererCrown.xml"/>
  <include name="items/equip-head/item890_BeanieCopter.xml"/>
  <include name="items/equip-head/item897_RedRoseHat.xml"/>
  <include name="items/equip-head/item898_WhiteRoseHat.xml"/>
  <include name="items/equip-head/item899_PinkRoseHat.xml"/>
  <include name="items/equip-head/item900_YellowRoseHat.xml"/>
  <include name="items/equip-head/item901_OrangeRoseHat.xml"/>
  <include name="items/equip-head/item902_BlueRoseHat.xml"/>
  <include name="items/equip-head/item905_BucketHat.xml"/>
  <include name="items/equip-head/item1173_TamOShanter.xml"/>
  <include name="items/equip-head/item1174_CashiersShade.xml"/>
  <include name="items/equip-head/item1175_AutumnMask.xml"/>
  <include name="items/equip-head/item1190_NutcrackerHat.xml"/>
  <include name="items/equip-head/item1196_Beret.xml"/>
  <include name="items/equip-head/item1203_RangerHat.xml"/>
  <include name="items/equip-head/item1204_AntlerHat.xml"/>
  <include name="items/equip-head/item1205_ChristmasTreeHat.xml"/>
  <include name="items/equip-head/item1206_SantaBeardHat.xml"/>
  <include name="items/equip-head/item1214_BunnyEars.xml"/>
  <include name="items/equip-head/item1216_MoubooHead.xml"/>
  <include name="items/equip-head/item1217_CatEars.xml"/>
  <include name="items/equip-head/item1218_PaperBag.xml"/>
  <include name="items/equip-head/item1219_MoubootaurHead.xml"/>
  <include name="items/equip-head/item1220_BunchofParsley.xml"/>
  <include name="items/equip-head/item1221_SkullMask.xml"/>
  <include name="items/equip-head/item1242_SnowGoggles.xml"/>
  <include name="items/equip-head/item1247_HeartGlasses.xml"/>
  <include name="items/equip-head/item1255_WhiteRabbitEars.xml"/>
  <include name="items/equip-head/item1256_EggshellHat.xml"/>
  <include name="items/equip-head/item1275_ReadingGlasses.xml"/>
  <include name="items/equip-head/item1276_OperaMask.xml"/>
  <include name="items/equip-head/item1277_JesterMask.xml"/>
  <include name="items/equip-head/item1278_WitchHat.xml"/>
  <include name="items/equip-head/item1279_GoblinMask.xml"/>
  <include name="items/equip-head/item2130_RedDesertHat.xml"/>
  <include name="items/equip-head/item2131_GreenDesertHat.xml"/>
  <include name="items/equip-head/item2132_DarkBlueDesertHat.xml"/>
  <include name="items/equip-head/item2133_YellowDesertHat.xml"/>
  <include name="items/equip-head/item2134_LightBlueDesertHat.xml"/>
  <include name="items/equip-head/item2135_PinkDesertHat.xml"/>
  <include name="items/equip-head/item2136_BlackDesertHat.xml"/>
  <include name="items/equip-head/item2137_OrangeDesertHat.xml"/>
  <include name="items/equip-head/item2138_PurpleDesertHat.xml"/>
  <include name="items/equip-head/item2139_DarkGreenDesertHat.xml"/>
  <include name="items/equip-head/item2140_RedCottonHeadband.xml"/>
  <include name="items/equip-head/item2141_GreenCottonHeadband.xml"/>
  <include name="items/equip-head/item2142_DarkBlueCottonHeadband.xml"/>
  <include name="items/equip-head/item2143_YellowCottonHeadband.xml"/>
  <include name="items/equip-head/item2144_LightBlueCottonHeadband.xml"/>
  <include name="items/equip-head/item2145_PinkCottonHeadband.xml"/>
  <include name="items/equip-head/item2146_BlackCottonHeadband.xml"/>
  <include name="items/equip-head/item2147_OrangeCottonHeadband.xml"/>
  <include name="items/equip-head/item2148_PurpleCottonHeadband.xml"/>
  <include name="items/equip-head/item2149_DarkGreenCottonHeadband.xml"/>
  <include name="items/equip-head/item2190_RedRabbitEars.xml"/>
  <include name="items/equip-head/item2191_GreenRabbitEars.xml"/>
  <include name="items/equip-head/item2192_DarkBlueRabbitEars.xml"/>
  <include name="items/equip-head/item2193_YellowRabbitEars.xml"/>
  <include name="items/equip-head/item2194_LightBlueRabbitEars.xml"/>
  <include name="items/equip-head/item2195_PinkRabbitEars.xml"/>
  <include name="items/equip-head/item2196_BlackRabbitEars.xml"/>
  <include name="items/equip-head/item2197_OrangeRabbitEars.xml"/>
  <include name="items/equip-head/item2198_PurpleRabbitEars.xml"/>
  <include name="items/equip-head/item2199_DarkGreenRabbitEars.xml"/>
  <include name="items/equip-head/item2200_RedWizardHat.xml"/>
  <include name="items/equip-head/item2201_GreenWizardHat.xml"/>
  <include name="items/equip-head/item2202_DarkBlueWizardHat.xml"/>
  <include name="items/equip-head/item2203_YellowWizardHat.xml"/>
  <include name="items/equip-head/item2204_LightBlueWizardHat.xml"/>
  <include name="items/equip-head/item2205_PinkWizardHat.xml"/>
  <include name="items/equip-head/item2206_BlackWizardHat.xml"/>
  <include name="items/equip-head/item2207_OrangeWizardHat.xml"/>
  <include name="items/equip-head/item2208_PurpleWizardHat.xml"/>
  <include name="items/equip-head/item2209_DarkGreenWizardHat.xml"/>
  <include name="items/equip-head/item2210_RedBowlerHat.xml"/>
  <include name="items/equip-head/item2211_GreenBowlerHat.xml"/>
  <include name="items/equip-head/item2212_DarkBlueBowlerHat.xml"/>
  <include name="items/equip-head/item2213_YellowBowlerHat.xml"/>
  <include name="items/equip-head/item2214_LightBlueBowlerHat.xml"/>
  <include name="items/equip-head/item2215_PinkBowlerHat.xml"/>
  <include name="items/equip-head/item2216_BlackBowlerHat.xml"/>
  <include name="items/equip-head/item2217_OrangeBowlerHat.xml"/>
  <include name="items/equip-head/item2218_PurpleBowlerHat.xml"/>
  <include name="items/equip-head/item2219_DarkGreenBowlerHat.xml"/>
  <include name="items/equip-head/item2230_RedBowlerHatBrown.xml"/>
  <include name="items/equip-head/item2231_GreenBowlerHatBrown.xml"/>
  <include name="items/equip-head/item2232_DarkBlueBowlerHatBrown.xml"/>
  <include name="items/equip-head/item2233_YellowBowlerHatBrown.xml"/>
  <include name="items/equip-head/item2234_LightBlueBowlerHatBrown.xml"/>
  <include name="items/equip-head/item2235_PinkBowlerHatBrown.xml"/>
  <include name="items/equip-head/item2236_BlackBowlerHatBrown.xml"/>
  <include name="items/equip-head/item2237_OrangeBowlerHatBrown.xml"/>
  <include name="items/equip-head/item2238_PurpleBowlerHatBrown.xml"/>
  <include name="items/equip-head/item2239_DarkGreenBowlerHatBrown.xml"/>
  <include name="items/equip-head/item2260_RedBeret.xml"/>
  <include name="items/equip-head/item2261_GreenBeret.xml"/>
  <include name="items/equip-head/item2262_DarkBlueBeret.xml"/>
  <include name="items/equip-head/item2263_YellowBeret.xml"/>
  <include name="items/equip-head/item2264_LightBlueBeret.xml"/>
  <include name="items/equip-head/item2265_PinkBeret.xml"/>
  <include name="items/equip-head/item2266_BlackBeret.xml"/>
  <include name="items/equip-head/item2267_OrangeBeret.xml"/>
  <include name="items/equip-head/item2268_PurpleBeret.xml"/>
  <include name="items/equip-head/item2269_DarkGreenBeret.xml"/>
  <include name="items/equip-head/item2270_BlinkingEvil.xml"/>
  <include name="items/equip-head/item2271_BlinkingEvilRed.xml"/>
  <include name="items/equip-head/item2272_BlinkingEvilBlue.xml"/>
  <include name="items/equip-head/item2273_BlinkingEvilPink.xml"/>
  <include name="items/equip-head/item2274_BlinkingEvilYellow.xml"/>
  <include name="items/equip-head/item4020_CandleHelmet.xml"/>
  <include name="items/equip-head/item4027_YetiMask.xml"/>
  <include name="items/equip-head/item4028_WizardHat.xml"/>
  <include name="items/equip-head/item4030_BowlerHat.xml"/>
  <include name="items/equip-head/item4031_Monocle.xml"/>
  <include name="items/equip-head/item4032_PanHat.xml"/>
  <include name="items/equip-head/item4033_ChefHat.xml"/>
  <include name="items/equip-head/item4042_Rednose.xml"/>
  <include name="items/equip-head/item5128_DarkHelm.xml"/>
  <include name="items/equip-head/item5129_UnderworldMask.xml"/>
  <include name="items/equip-head/item5130_Phylactery.xml"/>
  <include name="items/equip-head/item5200_PointyWitchHat.xml"/>
  <include name="items/equip-head/item5201_Pipe.xml"/>
  <include name="items/equip-head/item5202_PilotHat.xml"/>
  <include name="items/equip-head/item5203_MoonshroomHat.xml"/>
  <include name="items/equip-head/item5204_CarbonGasMask.xml"/>
  <include name="items/equip-head/item5205_EskimoHat.xml"/>
  <include name="items/equip-head/item5209_TerraniteHead.xml"/>
  <include name="items/equip-head/item5226_GroovyHat.xml"/>
  <include name="items/equip-head/item5227_JazzyHat.xml"/>
  <include name="items/equip-head/item5228_ChicSantaHat.xml"/>
  <include name="items/equip-head/item5229_ScentedCandleHelmet.xml"/>
  <include name="items/equip-head/item5230_AnniversaryHat.xml"/>
  <include name="items/equip-head/item5231_RedPresentHat.xml"/>
  <include name="items/equip-head/item5232_GreenPresentHat.xml"/>
  <include name="items/equip-head/item5233_BluePresentHat.xml"/>
  <include name="items/equip-head/item5234_YellowPresentHat.xml"/>
  <include name="items/equip-head/item5238_AFKCap.xml"/>
  <include name="items/equip-head/item5239_Aureole.xml"/>
  <include name="items/equip-head/item5240_SmileyHat.xml"/>
  <include name="items/equip-head/item5241_RedShades.xml"/>
  <include name="items/equip-head/item5242_GreenShades.xml"/>
  <include name="items/equip-head/item5243_DarkBlueShades.xml"/>
  <include name="items/equip-head/item5244_YellowShades.xml"/>
  <include name="items/equip-head/item5245_LightBlueShades.xml"/>
  <include name="items/equip-head/item5246_PinkShades.xml"/>
  <include name="items/equip-head/item5247_BlackShades.xml"/>
  <include name="items/equip-head/item5248_OrangeShades.xml"/>
  <include name="items/equip-head/item5249_PurpleShades.xml"/>
  <include name="items/equip-head/item5250_DarkGreenShades.xml"/>
  <include name="items/equip-head/item5255_PVPCap.xml"/>
  <include name="items/equip-head/item5257_GoldenPVPCap.xml"/>
  <include name="items/equip-head/item5258_BlinkingHocus.xml"/>
  <include name="items/equip-head/item5259_BlinkingEvilHalloween.xml"/>
  <include name="items/equip-head/item5262_MovieCap.xml"/>
  <include name="items/equip-head/item5264_BlueWolfHelmet.xml"/>
  <include name="items/equip-head/item5266_CloverHat.xml"/>
  <include name="items/equip-head/item5267_AssassinMask.xml"/>
</items>
