<?xml version="1.0"?>
<items>
  <its:rules xmlns:its="http://www.w3.org/2005/11/its" version="1.0">
    <its:translateRule selector="//item/@name" translate="yes"/>
    <its:translateRule selector="//item/@description" translate="yes"/>
    <its:translateRule selector="//item/@effect" translate="yes"/>
    <its:translateRule selector="//*" translate="no"/>
  </its:rules>
  <item id="5241" image="equipment/head/shades.png|R:#580000,A40000,C02020,ff6060" name="Rad Shades" description="Protects your eyes from the bright sun." type="equip-head" weight="20" defense="2">
    <sprite>equipment/head/shades.xml|#580000,A40000,C02020,ff6060</sprite>
  </item>
</items>
