<?xml version="1.0"?>
<items>
  <its:rules xmlns:its="http://www.w3.org/2005/11/its" version="1.0">
    <its:translateRule selector="//item/@name" translate="yes"/>
    <its:translateRule selector="//item/@description" translate="yes"/>
    <its:translateRule selector="//item/@effect" translate="yes"/>
    <its:translateRule selector="//*" translate="no"/>
  </its:rules>
  <item id="5267" image="equipment/head/assassin-mask.png" name="Assassin Mask" description="Mask for a master assassin." type="equip-head" effect="Double Damage +15% / Attack Speed +15%" defense="6" agi="9" dex="1" maxhp="70" mattack="-5" mdefense="5" criticalattack="15" weight="10" sellProtected="true">
    <sprite gender="unisex">equipment/head/assassin-mask.xml</sprite>
    <replace sprite="hair">
      <item to="-1"/>
    </replace>
  </item>
</items>
