<?xml version="1.0"?>
<items>
  <its:rules xmlns:its="http://www.w3.org/2005/11/its" version="1.0">
    <its:translateRule selector="//item/@name" translate="yes"/>
    <its:translateRule selector="//item/@description" translate="yes"/>
    <its:translateRule selector="//item/@effect" translate="yes"/>
    <its:translateRule selector="//*" translate="no"/>
  </its:rules>
  <item id="1204" image="equipment/head/antlerhat.png" name="Antler Hat" description="A hat with antlers sticking out of it." mattack="2" type="equip-head" defense="4" weight="15" sellProtected="true">
    <sprite gender="unisex">equipment/head/antlerhat.xml</sprite>
    <sprite gender="female">equipment/head/antlerhat-female.xml</sprite>
  </item>
</items>
