<?xml version="1.0"?>
<items>
  <its:rules xmlns:its="http://www.w3.org/2005/11/its" version="1.0">
    <its:translateRule selector="//item/@name" translate="yes"/>
    <its:translateRule selector="//item/@description" translate="yes"/>
    <its:translateRule selector="//item/@effect" translate="yes"/>
    <its:translateRule selector="//*" translate="no"/>
  </its:rules>
  <item id="5257" image="equipment/head/pvpcap-golden.png" name="Golden PVP Cap" description="The champion of champions, bathed in vermillion." type="equip-head" weight="60" defense="1">
    <sprite gender="unisex">equipment/head/pvpcap-golden.xml</sprite>
  </item>
</items>
