<?xml version="1.0"?>
<items>
  <its:rules xmlns:its="http://www.w3.org/2005/11/its" version="1.0">
    <its:translateRule selector="//item/@name" translate="yes"/>
    <its:translateRule selector="//item/@description" translate="yes"/>
    <its:translateRule selector="//item/@effect" translate="yes"/>
    <its:translateRule selector="//*" translate="no"/>
  </its:rules>
  <item id="5259" image="equipment/head/blinkingevil.png|W:#ff8400,d97000" name="Mask of Blinking Evil (Orange)" description="Made of a strange, spooky animated stone, this mask seems to cling to your face." mattack="10" mdefense="5" type="equip-head" defense="13" weight="50">
    <sprite gender="unisex">equipment/head/blinkingevil-halloween.xml</sprite>
  </item>
</items>
