<?xml version="1.0"?>
<items>
  <its:rules xmlns:its="http://www.w3.org/2005/11/its" version="1.0">
    <its:translateRule selector="//item/@name" translate="yes"/>
    <its:translateRule selector="//item/@description" translate="yes"/>
    <its:translateRule selector="//item/@effect" translate="yes"/>
    <its:translateRule selector="//*" translate="no"/>
  </its:rules>
  <item id="5270" image="equipment/charms/manapearl.png" name="Mana Pearl" description="This pearl resonates with a natural mana flow and channels some power from the Mana Seed to the user." int="1" mattack="11" mdefense="11" maxmp="55" type="equip-charm" weight="0" sellProtected="true">
    <particlefx>graphics/particles/manapearl.particle.xml</particlefx>
  </item>
</items>
